{
	"title": "テオ",
	"artist": "Omoi",
	"beats": 4,
	"bpm": 185,
	"startTime": 2750,
	"level": {
		"easy": "-",
		"normal": "-",
		"hard": 15
	},
	"map": {
		"easy": [
			""
		],
		"normal": [
			""
		],
		"hard": [
			"a,,4,,eb,,3,,af,,4,,eb,,3,",
			"af,,4,,eb,,3,,af,,4,,eb,,3,",
			"af,,4,,eb,,3,,af,,4,,eb,,3,",
			"af,,4,,eb,,3,,5f8,,2,,3,2,3,2",
			"3,,2,,3,,1,,3,,2,,3,,1,",
			"3,,2,,3,,1,,4,,3,,2,,1,",
			"2,,3,,2,,4,,2,,3,,2,",
			{
				"barLine": false,
				"speed": 0.000001
			},
			"4",
			{
				"speed": 2
			},
			"",
			{
				"barLine": true,
				"speed": 0.00001
			},
			"5",
			{
				"barLine": false,
				"speed": 2
			},
			",",
			{
				"speed": 0.00001
			},
			"6",
			{
				"speed": 2
			},
			",",
			{
				"speed": 0.00001
			},
			"7,",
			{
				"speed": 1
			},
			",,2,3,2,3,2,3",
			{
				"barLine": true
			},
			"56,,3,,12,,4,,12,,3,,12,,4,",
			"12,,3,,24,,3,,12,,4,,23,,1,",
			"78,,2,,34,,1,,34,,2,,34,,1,",
			"34,,2,,14,,3,,12,,34,,bc,,fg,",
			"57,,4,,12,,4,,13,,4,,12,,4,",
			"13,,2,,34,,1,,24,,3,,2,,1,",
			"67,,4,,12,,4,,23,,23,,ad,,eh,",
			"2,3,2,4,2,3,2,4,1,2,3,4,2,3,2,3",
			"14,,2,,34,,2,,1,,3,,12,,4,",
			"13,,4,,12,,4,,3,,2,,34,,1,",
			"23,,1,,24,,1,,3,,1,,23,,4,",
			"13,,4,,23,,4,,12,,34,,bc,,fg,",
			"14,,2,,13,,2,,4,,3,,12,,3,",
			"14,,3,,24,,1,,2,,3,,12,,4,",
			"23,,1,,24,,3,,1,,4,,23,,1,",
			"24,,1,,23,,4,,13,,24,,3,2,3,2",
			"14,,2,,34,,1,,23,,4,,12,,3,",
			"24,,1,,23,,4,,13,,2,,14,,3,",
			"12,,3,,24,,3,,12,,3,,24,,1,",
			"23,,4,,12,,4,,23,,23,,ad,,eh,",
			"14,,3,,12,,3,,24,,3,,12,,4,",
			"23,,1,,24,,1,,23,,4,,12,,3,",
			"56,,3,,12,,4,,ab,,ef3,,ab,,ef4,",
			"3,2,4,1,3,2,4,1,2,3,2,3,2,3,2,3",
			"d,,1h,,c,,1g,,d,,1h,,c,,1g,",
			"d,,1h,,c,,1g,,58,,2,,3,,2,",
			"a,,e4,,b,,f4,,a,,e4,,b,,f4,",
			"4,3,1,2,4,3,1,2,4,1,4,1,3,2,3,2",
			"14,,3,,24,,1,,3,,4,,12,,3,",
			"24,,3,,12,,4,,2,,3,,14,,3,",
			"12,,4,,23,,1,,3,,4,,13,,2,",
			"14,,2,,34,,1,,23,,23,,bc,,fg,",
			"13,,4,,12,,3,,4,,2,,13,,4,",
			"23,,1,,24,,3,,1,,4,,12,,3,",
			"24,,3,,12,,4,,2,,1,,34,,2,",
			"13,,4,,23,,4,,1,,2,,4,1,4,1",
			"24,,3,,12,,4,,2,,3,,14,,2,",
			"34,,1,,23,,4,,1,,3,,24,,3,",
			"14,,2,,34,,1,,3,,2,,14,,3,",
			"24,,1,,23,,4,,12,,34,,5,2,3,4",
			"23,,4,,12,,3,,4,,1,,23,,4,",
			"13,,4,,23,,1,,2,,4,,3,1,3,",
			"23,,4,2,3,1,4,2,3,2,3,1,3,2,3,2",
			{
				"speed": 0.000001
			},
			"58",
			{
				"barLine": false,
				"speed": 1.5
			},
			",,",
			{
				"speed": 0.000001
			},
			"58",
			{
				"speed": 1.5
			},
			",,",
			{
				"speed": 1
			},
			"[58,3,2,1,3,2,3,2",
			{
				"barLine": true,
				"speed": 0.00001
			},
			"58,",
			{
				"barLine": false,
				"speed": 2
			},
			",",
			{
				"speed": 1
			},
			"4,",
			{
				"speed": 0.00001
			},
			"4",
			{
				"speed": 2
			},
			"",
			{
				"speed": 1
			},
			"1,",
			{
				"speed": 0.00001
			},
			"1",
			{
				"speed": 2
			},
			"",
			{
				"speed": 1
			},
			"3,",
			{
				"speed": 0.00001
			},
			"3",
			{
				"speed": 2
			},
			"",
			{
				"barLine": true,
				"speed": 1
			},
			"1,",
			{
				"barLine": false,
				"speed": 0.00001
			},
			"1",
			{
				"speed": 2
			},
			"",
			{
				"speed": 1
			},
			"bd,,fh,,3,,2,,14,,2,",
			{
				"barLine": true,
				"speed": 1e-7
			},
			"67,",
			{
				"barLine": false,
				"speed": 2
			},
			",",
			{
				"speed": 1
			},
			"3,",
			{
				"speed": 1e-7
			},
			"3",
			{
				"speed": 2
			},
			"",
			{
				"speed": 1
			},
			"1,",
			{
				"speed": 0.000001
			},
			"1",
			{
				"speed": 2
			},
			"",
			{
				"speed": 1
			},
			"4,",
			{
				"speed": 0.000001
			},
			"4",
			{
				"speed": 2
			},
			"",
			{
				"barLine": true,
				"speed": 1
			},
			"2,",
			{
				"barLine": false,
				"speed": 0.000001
			},
			"2",
			{
				"speed": 2
			},
			"",
			{
				"speed": 1
			},
			"cd,,gh,,1,,2,,34,,1,",
			{
				"barLine": true,
				"speed": 0.000001
			},
			"68,",
			{
				"barLine": false,
				"speed": 2
			},
			",",
			{
				"speed": 1
			},
			"1,",
			{
				"speed": 0.000001
			},
			"1",
			{
				"speed": 2
			},
			"",
			{
				"speed": 1
			},
			"3,",
			{
				"speed": 0.000001
			},
			"3",
			{
				"speed": 2
			},
			"",
			{
				"speed": 1
			},
			"2,",
			{
				"speed": 0.00001
			},
			"2",
			{
				"speed": 2
			},
			"",
			{
				"barLine": true,
				"speed": 1
			},
			"4,",
			{
				"barLine": false,
				"speed": 0.000001
			},
			"4",
			{
				"speed": 2
			},
			"",
			{
				"speed": 1
			},
			"ac,,eg,,4,,1,,23,,4,",
			{
				"barLine": true
			},
			"13,,1,,24,,4,,13,,3,,1,2,3,4",
			"1,2,3,4,2,3,2,3,1,4,2,3,1,4,2,3",
			{
				"speed": 0.000001
			},
			"58,",
			{
				"barLine": false,
				"speed": 2
			},
			",",
			{
				"speed": 1
			},
			"2,",
			{
				"speed": 0.000001
			},
			"2",
			{
				"speed": 2
			},
			"",
			{
				"speed": 1
			},
			"4,",
			{
				"speed": 0.000001
			},
			"4",
			{
				"speed": 2
			},
			"",
			{
				"speed": 1
			},
			"1,",
			{
				"speed": 0.00001
			},
			"1",
			{
				"speed": 2
			},
			"",
			{
				"barLine": true,
				"speed": 1
			},
			"3,",
			{
				"barLine": false,
				"speed": 0.000001
			},
			"3",
			{
				"speed": 2
			},
			"",
			{
				"speed": 1
			},
			"1,,1,,bd,,fh,,3,,2,",
			{
				"barLine": true,
				"speed": 0.000001
			},
			"57,",
			{
				"barLine": false,
				"speed": 2
			},
			",",
			{
				"speed": 1
			},
			"3,",
			{
				"speed": 0.000001
			},
			"3",
			{
				"speed": 2
			},
			"",
			{
				"speed": 1
			},
			"1,",
			{
				"speed": 0.000001
			},
			"1",
			{
				"speed": 2
			},
			"",
			{
				"speed": 1
			},
			"4,",
			{
				"speed": 0.000001
			},
			"4",
			{
				"speed": 2
			},
			"",
			{
				"barLine": true,
				"speed": 1
			},
			"2,",
			{
				"barLine": false,
				"speed": 1e-7
			},
			"2",
			{
				"speed": 2
			},
			"",
			{
				"speed": 1
			},
			"4,,4,,ac,,eg,,2,,3,",
			{
				"barLine": true,
				"speed": 0.000001
			},
			"58,",
			{
				"speed": 2
			},
			",",
			{
				"barLine": false,
				"speed": 1
			},
			"2,",
			{
				"speed": 0.000001
			},
			"2",
			{
				"speed": 2
			},
			"",
			{
				"speed": 1
			},
			"4,",
			{
				"speed": 0.000001
			},
			"4",
			{
				"speed": 2
			},
			"",
			{
				"speed": 1
			},
			"1,",
			{
				"speed": 0.000001
			},
			"1",
			{
				"speed": 2
			},
			"",
			{
				"barLine": true,
				"speed": 1
			},
			"3,",
			{
				"barLine": false,
				"speed": 0.000001
			},
			"3",
			{
				"speed": 2
			},
			"",
			{
				"speed": 1
			},
			"1,,1,,23,,23,,bc,,fg,",
			{
				"barLine": true
			},
			"d,,1,,ch,,2,,gd,,1,,ch,,2,",
			"1g,3,1,3,2,4,2,4,1,2,3,4,2,3,2,3",
			"bd,,fh,,24,,,,12,,3,,24,,,",
			"ac,,eg,,13,,,,34,,1,,23,,,",
			"bc,,fg,,23,,,,57,,2,,4,,3,",
			"58,,1,,ad,,,,e23h,,23,,bc,,fg,",
			"14,,24,,cd,,gh,,14,,13,,ab,,ef,",
			"56,,34,,2,3,2,,ad,,eh,,2,3,2,3",
			"58,,14,,2,3,2,3,14,,14,,2,3,2,3",
			"58,2,3,4,3,2,1,4,3,2,3,2,3,2,3,2",
			"c,,12g,,d,,12h,,c,,12g,,d,,12h,",
			"b,,f34,,b,,f34,,b,,f34,,b,,f34,",
			"d,,12h,,d,,12h,,d,,12h,,d,,12h,",
			"a,,e34,,b,,f34,,a,,e34,,b,,f34,",
			"a,,e23,,d,,23h,,a,,e23,,d,,23h,",
			"56,,12,,34,2,34,,12,,34,,bc,,fg,",
			"58,,14,,(3,2,3,2,3,2,)14,,14,,(3,2,3,2,3,2",
			")3,4,2,1,3,4,2,1,3,2,4,2,3,2,4,2",
			"]1c,,1,,2gd,,2,,1ch,,1,,2gd,,2,",
			"1ch,,1,,2gd,,2,,13h,,1,,24,,2,",
			"1c,,1,,2gd,,2,,13h,,13,,2,3,2,3",
			{
				"speed": 0.00001
			},
			"6",
			{
				"barLine": false,
				"speed": 1.5
			},
			",",
			{
				"speed": 0.00001
			},
			"6",
			{
				"speed": 1.5
			},
			",",
			{
				"speed": 0.00001
			},
			"7",
			{
				"speed": 1.5
			},
			"",
			",",
			{
				"speed": 1
			},
			"[1,4,1,4,1,4",
			{
				"barLine": true
			},